idna_subject,checker_type,destination,source,tested_at,session_id
1.googlenews.xorg.pl,AVAILABILITY,domains.list,domains.list,2026-09-28 14:35:14.109575+00:00,d3fe1940ce27c93c0a590124
15minadlt.hit.gemius.pl,AVAILABILITY,domains.list,domains.list,2026-09-28 14:35:15.423407+00:00,d3fe1940ce27c93c0a590124
2.googlenews.xorg.pl,AVAILABILITY,domains.list,domains.list,2026-09-28 14:35:16.285623+00:00,d3fe1940ce27c93c0a590124
24ratownik.hit.gemius.pl,AVAILABILITY,domains.list,domains.list,2026-09-28 14:35:17.481282+00:00,d3fe1940ce27c93c0a590124
3.googlenews.xorg.pl,AVAILABILITY,domains.list,domains.list,2026-09-28 14:35:18.192970+00:00,d3fe1940ce27c93c0a590124
4.googlenews.xorg.pl,AVAILABILITY,domains.list,domains.list,2026-09-28 14:35:18.627971+00:00,d3fe1940ce27c93c0a590124
5.googlenews.xorg.pl,AVAILABILITY,domains.list,domains.list,2026-09-28 14:35:19.436442+00:00,d3fe1940ce27c93c0a590124
activeby.hit.gemius.pl,AVAILABILITY,domains.list,domains.list,2026-09-28 14:35:21.174904+00:00,d3fe1940ce27c93c0a590124
ad.adview.pl,AVAILABILITY,domains.list,domains.list,2026-09-28 14:35:22.906355+00:00,d3fe1940ce27c93c0a590124
ad.afilo.pl,AVAILABILITY,domains.list,domains.list,2026-09-28 14:35:27.438365+00:00,d3fe1940ce27c93c0a590124
ad.filmweb.pl,AVAILABILITY,domains.list,domains.list,2026-09-28 14:35:29.699025+00:00,d3fe1940ce27c93c0a590124
ad.gazeta.pl,AVAILABILITY,domains.list,domains.list,2026-09-28 14:35:31.337027+00:00,d3fe1940ce27c93c0a590124
ad.groupon.pl,AVAILABILITY,domains.list,domains.list,2026-09-28 14:35:51.792626+00:00,d3fe1940ce27c93c0a590124
ad.hit.gemius.pl,AVAILABILITY,domains.list,domains.list,2026-09-28 14:35:53.020007+00:00,d3fe1940ce27c93c0a590124
ad.hosting.pl,AVAILABILITY,domains.list,domains.list,2026-09-28 14:35:54.080271+00:00,d3fe1940ce27c93c0a590124
ad.pl.doubleclick.net,AVAILABILITY,domains.list,domains.list,2026-09-28 14:35:54.461240+00:00,d3fe1940ce27c93c0a590124
ad.prv.pl,AVAILABILITY,domains.list,domains.list,2026-09-28 14:36:15.681503+00:00,d3fe1940ce27c93c0a590124
ad.stat.4u.pl,AVAILABILITY,domains.list,domains.list,2026-09-28 14:36:22.531738+00:00,d3fe1940ce27c93c0a590124
ad.yoyo.pl,AVAILABILITY,domains.list,domains.list,2026-09-28 14:36:23.264945+00:00,d3fe1940ce27c93c0a590124
ad2.pl,AVAILABILITY,domains.list,domains.list,2026-09-28 14:36:24.085474+00:00,d3fe1940ce27c93c0a590124
adactiongapl.hit.gemius.pl,AVAILABILITY,domains.list,domains.list,2026-09-28 14:36:26.196814+00:00,d3fe1940ce27c93c0a590124
adafi.hit.gemius.pl,AVAILABILITY,domains.list,domains.list,2026-09-28 14:36:27.302970+00:00,d3fe1940ce27c93c0a590124
adbg.hit.gemius.pl,AVAILABILITY,domains.list,domains.list,2026-09-28 14:36:28.640004+00:00,d3fe1940ce27c93c0a590124
adclick.hit.gemius.pl,AVAILABILITY,domains.list,domains.list,2026-09-28 14:36:29.499380+00:00,d3fe1940ce27c93c0a590124
adcz.hit.gemius.pl,AVAILABILITY,domains.list,domains.list,2026-09-28 14:36:31.511191+00:00,d3fe1940ce27c93c0a590124
adee.hit.gemius.pl,AVAILABILITY,domains.list,domains.list,2026-09-28 14:36:32.732029+00:00,d3fe1940ce27c93c0a590124
adfiles.o2.pl.sds.o2.pl,AVAILABILITY,domains.list,domains.list,2026-09-28 14:36:34.228481+00:00,d3fe1940ce27c93c0a590124
adhr.hit.gemius.pl,AVAILABILITY,domains.list,domains.list,2026-09-28 14:36:35.282935+00:00,d3fe1940ce27c93c0a590124
adidm.idmnet.pl,AVAILABILITY,domains.list,domains.list,2026-09-28 14:36:55.503244+00:00,d3fe1940ce27c93c0a590124
adidm07.idmnet.pl,AVAILABILITY,domains.list,domains.list,2026-09-28 14:37:15.685884+00:00,d3fe1940ce27c93c0a590124
adkontekst.pl,AVAILABILITY,domains.list,domains.list,2026-09-28 14:37:17.262451+00:00,d3fe1940ce27c93c0a590124
adlt.hit.gemius.pl,AVAILABILITY,domains.list,domains.list,2026-09-28 14:37:18.641116+00:00,d3fe1940ce27c93c0a590124
adlv.hit.gemius.pl,AVAILABILITY,domains.list,domains.list,2026-09-28 14:37:20.199929+00:00,d3fe1940ce27c93c0a590124
adnet.hit.gemius.pl,AVAILABILITY,domains.list,domains.list,2026-09-28 14:37:21.139115+00:00,d3fe1940ce27c93c0a590124
adnetgalt.hit.gemius.pl,AVAILABILITY,domains.list,domains.list,2026-09-28 14:37:22.564917+00:00,d3fe1940ce27c93c0a590124
adocean-by.hit.gemius.pl,AVAILABILITY,domains.list,domains.list,2026-09-28 14:37:24.495238+00:00,d3fe1940ce27c93c0a590124
adocean-cz.hit.gemius.pl,AVAILABILITY,domains.list,domains.list,2026-09-28 14:37:25.538387+00:00,d3fe1940ce27c93c0a590124
adocean-ee.hit.gemius.pl,AVAILABILITY,domains.list,domains.list,2026-09-28 14:37:26.777607+00:00,d3fe1940ce27c93c0a590124
adocean-hr.hit.gemius.pl,AVAILABILITY,domains.list,domains.list,2026-09-28 14:37:28.732992+00:00,d3fe1940ce27c93c0a590124
adocean-lt.hit.gemius.pl,AVAILABILITY,domains.list,domains.list,2026-09-28 14:37:29.646187+00:00,d3fe1940ce27c93c0a590124
adocean-lv.hit.gemius.pl,AVAILABILITY,domains.list,domains.list,2026-09-28 14:37:30.723927+00:00,d3fe1940ce27c93c0a590124
adocean-pl.hit.gemius.pl,AVAILABILITY,domains.list,domains.list,2026-09-28 14:37:32.443562+00:00,d3fe1940ce27c93c0a590124
adocean-ro.hit.gemius.pl,AVAILABILITY,domains.list,domains.list,2026-09-28 14:37:33.343992+00:00,d3fe1940ce27c93c0a590124
adocean-si.hit.gemius.pl,AVAILABILITY,domains.list,domains.list,2026-09-28 14:37:34.710223+00:00,d3fe1940ce27c93c0a590124
adocean-ua.hit.gemius.pl,AVAILABILITY,domains.list,domains.list,2026-09-28 14:37:35.769903+00:00,d3fe1940ce27c93c0a590124
adp.adview.pl,AVAILABILITY,domains.list,domains.list,2026-09-28 14:37:37.288062+00:00,d3fe1940ce27c93c0a590124
adp.gazeta.pl,AVAILABILITY,domains.list,domains.list,2026-09-28 14:37:38.409024+00:00,d3fe1940ce27c93c0a590124
adro.hit.gemius.pl,AVAILABILITY,domains.list,domains.list,2026-09-28 14:37:39.645840+00:00,d3fe1940ce27c93c0a590124
adrs.hit.gemius.pl,AVAILABILITY,domains.list,domains.list,2026-09-28 14:37:41.039237+00:00,d3fe1940ce27c93c0a590124
ads.businessclick.pl,AVAILABILITY,domains.list,domains.list,2026-09-28 14:37:43.091665+00:00,d3fe1940ce27c93c0a590124
ads.comperia.pl,AVAILABILITY,domains.list,domains.list,2026-09-28 14:37:44.069957+00:00,d3fe1940ce27c93c0a590124
ads.newdb.mtp.pl,AVAILABILITY,domains.list,domains.list,2026-09-28 14:38:08.632084+00:00,d3fe1940ce27c93c0a590124
ads.novem.pl,AVAILABILITY,domains.list,domains.list,2026-09-28 14:38:09.589381+00:00,d3fe1940ce27c93c0a590124
ads.o2.pl,AVAILABILITY,domains.list,domains.list,2026-09-28 14:38:11.672545+00:00,d3fe1940ce27c93c0a590124
ads.open.pl,AVAILABILITY,domains.list,domains.list,2026-09-28 14:38:12.547345+00:00,d3fe1940ce27c93c0a590124
adsearch.adkontekst.pl,AVAILABILITY,domains.list,domains.list,2026-09-28 14:38:14.420987+00:00,d3fe1940ce27c93c0a590124
adsearch.pl,AVAILABILITY,domains.list,domains.list,2026-09-28 14:38:14.996251+00:00,d3fe1940ce27c93c0a590124
adsearch.wp.pl,AVAILABILITY,domains.list,domains.list,2026-09-28 14:38:36.048146+00:00,d3fe1940ce27c93c0a590124
adserver.gadu-gadu.pl,AVAILABILITY,domains.list,domains.list,2026-09-28 14:38:37.363309+00:00,d3fe1940ce27c93c0a590124
adserver.home.pl,AVAILABILITY,domains.list,domains.list,2026-09-28 14:38:39.511722+00:00,d3fe1940ce27c93c0a590124
adserver.magazyn.pl,AVAILABILITY,domains.list,domains.list,2026-09-28 14:39:00.109236+00:00,d3fe1940ce27c93c0a590124
adserver.o2.pl,AVAILABILITY,domains.list,domains.list,2026-09-28 14:39:21.061610+00:00,d3fe1940ce27c93c0a590124
adserver.pl,AVAILABILITY,domains.list,domains.list,2026-09-28 14:39:41.301914+00:00,d3fe1940ce27c93c0a590124
adserver.portal.pl,AVAILABILITY,domains.list,domains.list,2026-09-28 14:40:02.318527+00:00,d3fe1940ce27c93c0a590124
adserver.swiatobrazu.pl,AVAILABILITY,domains.list,domains.list,2026-09-28 14:40:05.348785+00:00,d3fe1940ce27c93c0a590124
adserver.yanosik.pl,AVAILABILITY,domains.list,domains.list,2026-09-28 14:40:06.542159+00:00,d3fe1940ce27c93c0a590124
adserwer.afilo.pl,AVAILABILITY,domains.list,domains.list,2026-09-28 14:40:09.666052+00:00,d3fe1940ce27c93c0a590124
adseu.novem.pl,AVAILABILITY,domains.list,domains.list,2026-09-28 14:40:30.212515+00:00,d3fe1940ce27c93c0a590124
adsrv.lua.pl,AVAILABILITY,domains.list,domains.list,2026-09-28 14:40:33.372683+00:00,d3fe1940ce27c93c0a590124
adstat.4u.pl,AVAILABILITY,domains.list,domains.list,2026-09-28 14:40:37.709165+00:00,d3fe1940ce27c93c0a590124
adtaily.pl,AVAILABILITY,domains.list,domains.list,2026-09-28 14:40:39.471042+00:00,d3fe1940ce27c93c0a590124
adtext.pl,AVAILABILITY,domains.list,domains.list,2026-09-28 14:40:40.281069+00:00,d3fe1940ce27c93c0a590124
adtotal.pl,AVAILABILITY,domains.list,domains.list,2026-09-28 14:40:42.587015+00:00,d3fe1940ce27c93c0a590124
adv.adview.pl,AVAILABILITY,domains.list,domains.list,2026-09-28 14:40:43.646700+00:00,d3fe1940ce27c93c0a590124
adv.dot.wp.pl,AVAILABILITY,domains.list,domains.list,2026-09-28 14:40:46.748513+00:00,d3fe1940ce27c93c0a590124
adv.gazeta.pl,AVAILABILITY,domains.list,domains.list,2026-09-28 14:41:07.424114+00:00,d3fe1940ce27c93c0a590124
adv.wp.pl,AVAILABILITY,domains.list,domains.list,2026-09-28 14:41:08.553720+00:00,d3fe1940ce27c93c0a590124
advice.hit.gemius.pl,AVAILABILITY,domains.list,domains.list,2026-09-28 14:41:09.471794+00:00,d3fe1940ce27c93c0a590124
advicead.hit.gemius.pl,AVAILABILITY,domains.list,domains.list,2026-09-28 14:41:10.993782+00:00,d3fe1940ce27c93c0a590124
adview.pl,AVAILABILITY,domains.list,domains.list,2026-09-28 14:41:12.680478+00:00,d3fe1940ce27c93c0a590124
afilo.pl,AVAILABILITY,domains.list,domains.list,2026-09-28 14:41:14.324423+00:00,d3fe1940ce27c93c0a590124
allegro.hit.gemius.pl,AVAILABILITY,domains.list,domains.list,2026-09-28 14:41:15.696657+00:00,d3fe1940ce27c93c0a590124
analytics.gazeta.pl,AVAILABILITY,domains.list,domains.list,2026-09-28 14:41:36.373083+00:00,d3fe1940ce27c93c0a590124
ankieta-online.pl,AVAILABILITY,domains.list,domains.list,2026-09-28 14:41:37.603122+00:00,d3fe1940ce27c93c0a590124
aolt.hit.gemius.pl,AVAILABILITY,domains.list,domains.list,2026-09-28 14:41:38.966246+00:00,d3fe1940ce27c93c0a590124
aolv.hit.gemius.pl,AVAILABILITY,domains.list,domains.list,2026-09-28 14:41:40.212205+00:00,d3fe1940ce27c93c0a590124
apolloadlv.hit.gemius.pl,AVAILABILITY,domains.list,domains.list,2026-09-28 14:41:41.424953+00:00,d3fe1940ce27c93c0a590124
app2.salesmanago.pl,AVAILABILITY,domains.list,domains.list,2026-09-28 14:41:43.203526+00:00,d3fe1940ce27c93c0a590124
arbo.hit.gemius.pl,AVAILABILITY,domains.list,domains.list,2026-09-28 14:41:44.166346+00:00,d3fe1940ce27c93c0a590124
arbomedia.pl,AVAILABILITY,domains.list,domains.list,2026-09-28 14:41:45.217087+00:00,d3fe1940ce27c93c0a590124
aripaadee.hit.gemius.pl,AVAILABILITY,domains.list,domains.list,2026-09-28 14:41:46.338973+00:00,d3fe1940ce27c93c0a590124
aripaee.adocean.pl,AVAILABILITY,domains.list,domains.list,2026-09-28 14:41:47.788075+00:00,d3fe1940ce27c93c0a590124
avt.hit.gemius.pl,AVAILABILITY,domains.list,domains.list,2026-09-28 14:41:49.138898+00:00,d3fe1940ce27c93c0a590124
axel.hit.gemius.pl,AVAILABILITY,domains.list,domains.list,2026-09-28 14:41:50.997796+00:00,d3fe1940ce27c93c0a590124
b92adrs.hit.gemius.pl,AVAILABILITY,domains.list,domains.list,2026-09-28 14:41:52.238456+00:00,d3fe1940ce27c93c0a590124
b92rs.adocean.pl,AVAILABILITY,domains.list,domains.list,2026-09-28 14:41:53.112035+00:00,d3fe1940ce27c93c0a590124
badv.wp.pl,AVAILABILITY,domains.list,domains.list,2026-09-28 14:41:57.516906+00:00,d3fe1940ce27c93c0a590124
banery.netart.pl,AVAILABILITY,domains.list,domains.list,2026-09-28 14:42:19.332798+00:00,d3fe1940ce27c93c0a590124
banery.onet.pl,AVAILABILITY,domains.list,domains.list,2026-09-28 14:42:20.729472+00:00,d3fe1940ce27c93c0a590124
banki.onet.pl,AVAILABILITY,domains.list,domains.list,2026-09-28 14:42:27.118834+00:00,d3fe1940ce27c93c0a590124
banners.iq.pl,AVAILABILITY,domains.list,domains.list,2026-09-28 14:42:28.825866+00:00,d3fe1940ce27c93c0a590124
bestjobs.hit.gemius.pl,AVAILABILITY,domains.list,domains.list,2026-09-28 14:42:30.269958+00:00,d3fe1940ce27c93c0a590124
bg.adocean.pl,AVAILABILITY,domains.list,domains.list,2026-09-28 14:42:31.415294+00:00,d3fe1940ce27c93c0a590124
bg.hit.gemius.pl,AVAILABILITY,domains.list,domains.list,2026-09-28 14:42:32.632427+00:00,d3fe1940ce27c93c0a590124
bggde.adocean.pl,AVAILABILITY,domains.list,domains.list,2026-09-28 14:42:34.039201+00:00,d3fe1940ce27c93c0a590124
bi.adview.pl,AVAILABILITY,domains.list,domains.list,2026-09-28 14:42:35.171379+00:00,d3fe1940ce27c93c0a590124
blitzadbg.hit.gemius.pl,AVAILABILITY,domains.list,domains.list,2026-09-28 14:42:36.367421+00:00,d3fe1940ce27c93c0a590124
blitzbg.adocean.pl,AVAILABILITY,domains.list,domains.list,2026-09-28 14:42:37.445495+00:00,d3fe1940ce27c93c0a590124
blogvertising.pl,AVAILABILITY,domains.list,domains.list,2026-09-28 14:42:38.140848+00:00,d3fe1940ce27c93c0a590124
boksy.dir.onet.pl,AVAILABILITY,domains.list,domains.list,2026-09-28 14:42:58.471414+00:00,d3fe1940ce27c93c0a590124
boksy.onet.pl,AVAILABILITY,domains.list,domains.list,2026-09-28 14:43:00.876983+00:00,d3fe1940ce27c93c0a590124
c1.gostats.pl,AVAILABILITY,domains.list,domains.list,2026-09-28 14:43:01.339717+00:00,d3fe1940ce27c93c0a590124
c2.gostats.pl,AVAILABILITY,domains.list,domains.list,2026-09-28 14:43:01.554134+00:00,d3fe1940ce27c93c0a590124
c3.gostats.pl,AVAILABILITY,domains.list,domains.list,2026-09-28 14:43:01.765942+00:00,d3fe1940ce27c93c0a590124
c4.gostats.pl,AVAILABILITY,domains.list,domains.list,2026-09-28 14:43:01.985998+00:00,d3fe1940ce27c93c0a590124
c5.gostats.pl,AVAILABILITY,domains.list,domains.list,2026-09-28 14:43:02.198791+00:00,d3fe1940ce27c93c0a590124
centrumcz.hit.gemius.pl,AVAILABILITY,domains.list,domains.list,2026-09-28 14:43:03.261583+00:00,d3fe1940ce27c93c0a590124
chip.pl.intellitxt.com,AVAILABILITY,domains.list,domains.list,2026-09-28 14:43:23.676279+00:00,d3fe1940ce27c93c0a590124
clickad.eo.pl,AVAILABILITY,domains.list,domains.list,2026-09-28 14:43:44.710446+00:00,d3fe1940ce27c93c0a590124
contextad.pl,AVAILABILITY,domains.list,domains.list,2026-09-28 14:43:45.778087+00:00,d3fe1940ce27c93c0a590124
corm.hit.gemius.pl,AVAILABILITY,domains.list,domains.list,2026-09-28 14:43:47.075657+00:00,d3fe1940ce27c93c0a590124
counter.webmedia.pl,AVAILABILITY,domains.list,domains.list,2026-09-28 14:44:11.975024+00:00,d3fe1940ce27c93c0a590124
crv.clickad.pl,AVAILABILITY,domains.list,domains.list,2026-09-28 14:44:32.760944+00:00,d3fe1940ce27c93c0a590124
csr.onet.pl,AVAILABILITY,domains.list,domains.list,2026-09-28 14:44:33.263718+00:00,d3fe1940ce27c93c0a590124
cz.adocean.pl,AVAILABILITY,domains.list,domains.list,2026-09-28 14:44:34.315511+00:00,d3fe1940ce27c93c0a590124
cz.hit.gemius.pl,AVAILABILITY,domains.list,domains.list,2026-09-28 14:44:35.996356+00:00,d3fe1940ce27c93c0a590124
darikspaceadbg.hit.gemius.pl,AVAILABILITY,domains.list,domains.list,2026-09-28 14:44:37.751292+00:00,d3fe1940ce27c93c0a590124
delfiadee.hit.gemius.pl,AVAILABILITY,domains.list,domains.list,2026-09-28 14:44:38.841820+00:00,d3fe1940ce27c93c0a590124
delfiadlt.hit.gemius.pl,AVAILABILITY,domains.list,domains.list,2026-09-28 14:44:39.893941+00:00,d3fe1940ce27c93c0a590124
delfiadlv.hit.gemius.pl,AVAILABILITY,domains.list,domains.list,2026-09-28 14:44:40.810466+00:00,d3fe1940ce27c93c0a590124
delfilv.hit.gemius.pl,AVAILABILITY,domains.list,domains.list,2026-09-28 14:44:42.533923+00:00,d3fe1940ce27c93c0a590124
delivery.clickonometrics.pl,AVAILABILITY,domains.list,domains.list,2026-09-28 14:44:44.755863+00:00,d3fe1940ce27c93c0a590124
diginetlt.hit.gemius.pl,AVAILABILITY,domains.list,domains.list,2026-09-28 14:44:45.901788+00:00,d3fe1940ce27c93c0a590124
digital4adro.hit.gemius.pl,AVAILABILITY,domains.list,domains.list,2026-09-28 14:44:47.303713+00:00,d3fe1940ce27c93c0a590124
dirbg.hit.gemius.pl,AVAILABILITY,domains.list,domains.list,2026-09-28 14:44:48.696814+00:00,d3fe1940ce27c93c0a590124
dot.wp.pl,AVAILABILITY,domains.list,domains.list,2026-09-28 14:44:49.671083+00:00,d3fe1940ce27c93c0a590124
ds.onet.pl,AVAILABILITY,domains.list,domains.list,2026-09-28 14:45:10.469062+00:00,d3fe1940ce27c93c0a590124
edipresse.adocean.pl,AVAILABILITY,domains.list,domains.list,2026-09-28 14:45:11.535645+00:00,d3fe1940ce27c93c0a590124
edipresse.hit.gemius.pl,AVAILABILITY,domains.list,domains.list,2026-09-28 14:45:13.107883+00:00,d3fe1940ce27c93c0a590124
ee.adocean.pl,AVAILABILITY,domains.list,domains.list,2026-09-28 14:45:14.312588+00:00,d3fe1940ce27c93c0a590124
ee.hit.gemius.pl,AVAILABILITY,domains.list,domains.list,2026-09-28 14:45:15.723607+00:00,d3fe1940ce27c93c0a590124
eega.hit.gemius.pl,AVAILABILITY,domains.list,domains.list,2026-09-28 14:45:17.464361+00:00,d3fe1940ce27c93c0a590124
eegde.adocean.pl,AVAILABILITY,domains.list,domains.list,2026-09-28 14:45:18.383470+00:00,d3fe1940ce27c93c0a590124
emisja.adsearch.pl,AVAILABILITY,domains.list,domains.list,2026-09-28 14:45:21.575432+00:00,d3fe1940ce27c93c0a590124
emisjawidgeet.onet.pl,AVAILABILITY,domains.list,domains.list,2026-09-28 14:45:22.616592+00:00,d3fe1940ce27c93c0a590124
eniro.hit.gemius.pl,AVAILABILITY,domains.list,domains.list,2026-09-28 14:45:24.259974+00:00,d3fe1940ce27c93c0a590124
g1.idg.pl,AVAILABILITY,domains.list,domains.list,2026-09-28 14:45:45.704344+00:00,d3fe1940ce27c93c0a590124
gaae.hit.gemius.pl,AVAILABILITY,domains.list,domains.list,2026-09-28 14:45:46.962766+00:00,d3fe1940ce27c93c0a590124
gaat.hit.gemius.pl,AVAILABILITY,domains.list,domains.list,2026-09-28 14:45:48.203244+00:00,d3fe1940ce27c93c0a590124
gaba.hit.gemius.pl,AVAILABILITY,domains.list,domains.list,2026-09-28 14:45:49.921185+00:00,d3fe1940ce27c93c0a590124
gabe.hit.gemius.pl,AVAILABILITY,domains.list,domains.list,2026-09-28 14:45:51.018549+00:00,d3fe1940ce27c93c0a590124
gabg.hit.gemius.pl,AVAILABILITY,domains.list,domains.list,2026-09-28 14:45:56.966027+00:00,d3fe1940ce27c93c0a590124
gaby.hit.gemius.pl,AVAILABILITY,domains.list,domains.list,2026-09-28 14:45:58.023300+00:00,d3fe1940ce27c93c0a590124
gacz.hit.gemius.pl,AVAILABILITY,domains.list,domains.list,2026-09-28 14:45:59.870918+00:00,d3fe1940ce27c93c0a590124
gadk.hit.gemius.pl,AVAILABILITY,domains.list,domains.list,2026-09-28 14:46:01.216872+00:00,d3fe1940ce27c93c0a590124
gadnet.hit.gemius.pl,AVAILABILITY,domains.list,domains.list,2026-09-28 14:46:03.291690+00:00,d3fe1940ce27c93c0a590124
gaee.hit.gemius.pl,AVAILABILITY,domains.list,domains.list,2026-09-28 14:46:09.569851+00:00,d3fe1940ce27c93c0a590124
gahu.hit.gemius.pl,AVAILABILITY,domains.list,domains.list,2026-09-28 14:46:10.643815+00:00,d3fe1940ce27c93c0a590124
gail.hit.gemius.pl,AVAILABILITY,domains.list,domains.list,2026-09-28 14:46:11.403325+00:00,d3fe1940ce27c93c0a590124
gajo.hit.gemius.pl,AVAILABILITY,domains.list,domains.list,2026-09-28 14:46:12.167603+00:00,d3fe1940ce27c93c0a590124
gakz.hit.gemius.pl,AVAILABILITY,domains.list,domains.list,2026-09-28 14:46:13.215234+00:00,d3fe1940ce27c93c0a590124
galb.hit.gemius.pl,AVAILABILITY,domains.list,domains.list,2026-09-28 14:46:14.163016+00:00,d3fe1940ce27c93c0a590124
galindia.hit.gemius.pl,AVAILABILITY,domains.list,domains.list,2026-09-28 14:46:15.057182+00:00,d3fe1940ce27c93c0a590124
galt.hit.gemius.pl,AVAILABILITY,domains.list,domains.list,2026-09-28 14:46:16.630607+00:00,d3fe1940ce27c93c0a590124
galv.hit.gemius.pl,AVAILABILITY,domains.list,domains.list,2026-09-28 14:46:17.402057+00:00,d3fe1940ce27c93c0a590124
gamk.hit.gemius.pl,AVAILABILITY,domains.list,domains.list,2026-09-28 14:46:18.450516+00:00,d3fe1940ce27c93c0a590124
gapl.hit.gemius.pl,AVAILABILITY,domains.list,domains.list,2026-09-28 14:46:19.222876+00:00,d3fe1940ce27c93c0a590124
garo.hit.gemius.pl,AVAILABILITY,domains.list,domains.list,2026-09-28 14:46:20.136259+00:00,d3fe1940ce27c93c0a590124
gars.hit.gemius.pl,AVAILABILITY,domains.list,domains.list,2026-09-28 14:46:21.039112+00:00,d3fe1940ce27c93c0a590124
garu.hit.gemius.pl,AVAILABILITY,domains.list,domains.list,2026-09-28 14:46:22.136378+00:00,d3fe1940ce27c93c0a590124
gask.hit.gemius.pl,AVAILABILITY,domains.list,domains.list,2026-09-28 14:46:23.854152+00:00,d3fe1940ce27c93c0a590124
gatr.hit.gemius.pl,AVAILABILITY,domains.list,domains.list,2026-09-28 14:46:25.249004+00:00,d3fe1940ce27c93c0a590124
gaua.hit.gemius.pl,AVAILABILITY,domains.list,domains.list,2026-09-28 14:46:26.039288+00:00,d3fe1940ce27c93c0a590124
gazeta.hit.gemius.pl,AVAILABILITY,domains.list,domains.list,2026-09-28 14:46:27.467148+00:00,d3fe1940ce27c93c0a590124
gde-default.hit.gemius.pl,AVAILABILITY,domains.list,domains.list,2026-09-28 14:46:28.534852+00:00,d3fe1940ce27c93c0a590124
gdebg.hit.gemius.pl,AVAILABILITY,domains.list,domains.list,2026-09-28 14:46:35.581898+00:00,d3fe1940ce27c93c0a590124
gdecz.hit.gemius.pl,AVAILABILITY,domains.list,domains.list,2026-09-28 14:46:37.054872+00:00,d3fe1940ce27c93c0a590124
gdeee.hit.gemius.pl,AVAILABILITY,domains.list,domains.list,2026-09-28 14:46:38.319886+00:00,d3fe1940ce27c93c0a590124
gdeil.hit.gemius.pl,AVAILABILITY,domains.list,domains.list,2026-09-28 14:46:39.237673+00:00,d3fe1940ce27c93c0a590124
gdelt.hit.gemius.pl,AVAILABILITY,domains.list,domains.list,2026-09-28 14:46:40.884845+00:00,d3fe1940ce27c93c0a590124
gdelv.hit.gemius.pl,AVAILABILITY,domains.list,domains.list,2026-09-28 14:46:41.633816+00:00,d3fe1940ce27c93c0a590124
gders.hit.gemius.pl,AVAILABILITY,domains.list,domains.list,2026-09-28 14:46:43.038019+00:00,d3fe1940ce27c93c0a590124
gdesk.hit.gemius.pl,AVAILABILITY,domains.list,domains.list,2026-09-28 14:46:43.937501+00:00,d3fe1940ce27c93c0a590124
gdetr.hit.gemius.pl,AVAILABILITY,domains.list,domains.list,2026-09-28 14:46:45.112782+00:00,d3fe1940ce27c93c0a590124
gem.pl,AVAILABILITY,domains.list,domains.list,2026-09-28 14:46:45.681502+00:00,d3fe1940ce27c93c0a590124
gemadhu.hit.gemius.pl,AVAILABILITY,domains.list,domains.list,2026-09-28 14:46:46.712242+00:00,d3fe1940ce27c93c0a590124
gemius.pl,AVAILABILITY,domains.list,domains.list,2026-09-28 14:46:48.517281+00:00,d3fe1940ce27c93c0a590124
generalmediaadhu.hit.gemius.pl,AVAILABILITY,domains.list,domains.list,2026-09-28 14:46:49.706008+00:00,d3fe1940ce27c93c0a590124
geo.interia.pl,AVAILABILITY,domains.list,domains.list,2026-09-28 14:46:51.023332+00:00,d3fe1940ce27c93c0a590124
gg.hit.gemius.pl,AVAILABILITY,domains.list,domains.list,2026-09-28 14:46:52.386620+00:00,d3fe1940ce27c93c0a590124
ghmbg.hit.gemius.pl,AVAILABILITY,domains.list,domains.list,2026-09-28 14:46:53.695289+00:00,d3fe1940ce27c93c0a590124
ghmme.hit.gemius.pl,AVAILABILITY,domains.list,domains.list,2026-09-28 14:46:55.059364+00:00,d3fe1940ce27c93c0a590124
ghmpl.hit.gemius.pl,AVAILABILITY,domains.list,domains.list,2026-09-28 14:46:56.781575+00:00,d3fe1940ce27c93c0a590124
ghmrs.hit.gemius.pl,AVAILABILITY,domains.list,domains.list,2026-09-28 14:46:57.841446+00:00,d3fe1940ce27c93c0a590124
ghmtr.hit.gemius.pl,AVAILABILITY,domains.list,domains.list,2026-09-28 14:46:59.227777+00:00,d3fe1940ce27c93c0a590124
go2.hit.gemius.pl,AVAILABILITY,domains.list,domains.list,2026-09-28 14:47:00.938413+00:00,d3fe1940ce27c93c0a590124
goldbach.hit.gemius.pl,AVAILABILITY,domains.list,domains.list,2026-09-28 14:47:02.511901+00:00,d3fe1940ce27c93c0a590124
googlenews.xorg.pl,AVAILABILITY,domains.list,domains.list,2026-09-28 14:47:03.009838+00:00,d3fe1940ce27c93c0a590124
gostats.pl,AVAILABILITY,domains.list,domains.list,2026-09-28 14:47:03.253463+00:00,d3fe1940ce27c93c0a590124
gspro.hit.gemius.pl,AVAILABILITY,domains.list,domains.list,2026-09-28 14:47:04.328287+00:00,d3fe1940ce27c93c0a590124
gtlt.hit.gemius.pl,AVAILABILITY,domains.list,domains.list,2026-09-28 14:47:05.094897+00:00,d3fe1940ce27c93c0a590124
gtlv.hit.gemius.pl,AVAILABILITY,domains.list,domains.list,2026-09-28 14:47:06.646888+00:00,d3fe1940ce27c93c0a590124
hit.gemius.pl,AVAILABILITY,domains.list,domains.list,2026-09-28 14:47:07.420367+00:00,d3fe1940ce27c93c0a590124
hr.adocean.pl,AVAILABILITY,domains.list,domains.list,2026-09-28 14:47:08.736537+00:00,d3fe1940ce27c93c0a590124
hr.hit.gemius.pl,AVAILABILITY,domains.list,domains.list,2026-09-28 14:47:09.489590+00:00,d3fe1940ce27c93c0a590124
hrgde.adocean.pl,AVAILABILITY,domains.list,domains.list,2026-09-28 14:47:10.836115+00:00,d3fe1940ce27c93c0a590124
hu.hit.gemius.pl,AVAILABILITY,domains.list,domains.list,2026-09-28 14:47:12.232606+00:00,d3fe1940ce27c93c0a590124
huadn.hit.gemius.pl,AVAILABILITY,domains.list,domains.list,2026-09-28 14:47:13.159009+00:00,d3fe1940ce27c93c0a590124
hub.com.pl,AVAILABILITY,domains.list,domains.list,2026-09-28 14:47:13.976204+00:00,d3fe1940ce27c93c0a590124
hugde.adocean.pl,AVAILABILITY,domains.list,domains.list,2026-09-28 14:47:14.872433+00:00,d3fe1940ce27c93c0a590124
huiwiw.hit.gemius.pl,AVAILABILITY,domains.list,domains.list,2026-09-28 14:47:16.132826+00:00,d3fe1940ce27c93c0a590124
i.interia.pl,AVAILABILITY,domains.list,domains.list,2026-09-28 14:47:18.835482+00:00,d3fe1940ce27c93c0a590124
icorpadro.hit.gemius.pl,AVAILABILITY,domains.list,domains.list,2026-09-28 14:47:19.749919+00:00,d3fe1940ce27c93c0a590124
idg.hit.gemius.pl,AVAILABILITY,domains.list,domains.list,2026-09-28 14:47:20.659064+00:00,d3fe1940ce27c93c0a590124
idm.hit.gemius.pl,AVAILABILITY,domains.list,domains.list,2026-09-28 14:47:21.999405+00:00,d3fe1940ce27c93c0a590124
im.of.pl,AVAILABILITY,domains.list,domains.list,2026-09-28 14:47:23.436172+00:00,d3fe1940ce27c93c0a590124
im.xo.pl,AVAILABILITY,domains.list,domains.list,2026-09-28 14:47:25.015629+00:00,d3fe1940ce27c93c0a590124
indexhu.adocean.pl,AVAILABILITY,domains.list,domains.list,2026-09-28 14:47:26.256149+00:00,d3fe1940ce27c93c0a590124
interia.adsearch.adkontekst.pl,AVAILABILITY,domains.list,domains.list,2026-09-28 14:47:27.448860+00:00,d3fe1940ce27c93c0a590124
interia.hit.gemius.pl,AVAILABILITY,domains.list,domains.list,2026-09-28 14:47:28.654044+00:00,d3fe1940ce27c93c0a590124
intrack.pl,AVAILABILITY,domains.list,domains.list,2026-09-28 14:47:28.856451+00:00,d3fe1940ce27c93c0a590124
investoradbg.hit.gemius.pl,AVAILABILITY,domains.list,domains.list,2026-09-28 14:47:29.926129+00:00,d3fe1940ce27c93c0a590124
ipla.hit.gemius.pl,AVAILABILITY,domains.list,domains.list,2026-09-28 14:47:32.139601+00:00,d3fe1940ce27c93c0a590124
ipla.hit.stat24.com,AVAILABILITY,domains.list,domains.list,2026-09-28 14:47:34.553333+00:00,d3fe1940ce27c93c0a590124
keepaneyeadmk.hit.gemius.pl,AVAILABILITY,domains.list,domains.list,2026-09-28 14:47:35.901226+00:00,d3fe1940ce27c93c0a590124
keepaneyemk.adocean.pl,AVAILABILITY,domains.list,domains.list,2026-09-28 14:47:36.985354+00:00,d3fe1940ce27c93c0a590124
kon.hit.gemius.pl,AVAILABILITY,domains.list,domains.list,2026-09-28 14:47:37.913124+00:00,d3fe1940ce27c93c0a590124
kropka.onet.pl,AVAILABILITY,domains.list,domains.list,2026-09-28 14:47:38.932728+00:00,d3fe1940ce27c93c0a590124
leadmy.pl,AVAILABILITY,domains.list,domains.list,2026-09-28 14:47:39.994649+00:00,d3fe1940ce27c93c0a590124
lrytasadlt.hit.gemius.pl,AVAILABILITY,domains.list,domains.list,2026-09-28 14:47:41.193966+00:00,d3fe1940ce27c93c0a590124
ls.hit.gemius.pl,AVAILABILITY,domains.list,domains.list,2026-09-28 14:47:42.258861+00:00,d3fe1940ce27c93c0a590124
lt.adocean.pl,AVAILABILITY,domains.list,domains.list,2026-09-28 14:47:43.209880+00:00,d3fe1940ce27c93c0a590124
lt.hit.gemius.pl,AVAILABILITY,domains.list,domains.list,2026-09-28 14:47:44.582375+00:00,d3fe1940ce27c93c0a590124
lv.adocean.pl,AVAILABILITY,domains.list,domains.list,2026-09-28 14:47:45.549459+00:00,d3fe1940ce27c93c0a590124
lv.hit.gemius.pl,AVAILABILITY,domains.list,domains.list,2026-09-28 14:47:46.814570+00:00,d3fe1940ce27c93c0a590124
mbank.hit.gemius.pl,AVAILABILITY,domains.list,domains.list,2026-09-28 14:47:48.437958+00:00,d3fe1940ce27c93c0a590124
media.nk-net.pl,AVAILABILITY,domains.list,domains.list,2026-09-28 14:47:54.755824+00:00,d3fe1940ce27c93c0a590124
mediaregad.hit.gemius.pl,AVAILABILITY,domains.list,domains.list,2026-09-28 14:48:16.105111+00:00,d3fe1940ce27c93c0a590124
megapanel.gem.pl,AVAILABILITY,domains.list,domains.list,2026-09-28 14:48:36.757524+00:00,d3fe1940ce27c93c0a590124
metagaua.hit.gemius.pl,AVAILABILITY,domains.list,domains.list,2026-09-28 14:48:37.855785+00:00,d3fe1940ce27c93c0a590124
mklik.gazeta.pl,AVAILABILITY,domains.list,domains.list,2026-09-28 14:48:40.261012+00:00,d3fe1940ce27c93c0a590124
mobi.yanosik.pl,AVAILABILITY,domains.list,domains.list,2026-09-28 14:48:40.804116+00:00,d3fe1940ce27c93c0a590124
mreg.hit.gemius.pl,AVAILABILITY,domains.list,domains.list,2026-09-28 14:48:41.891784+00:00,d3fe1940ce27c93c0a590124
my.adocean.pl,AVAILABILITY,domains.list,domains.list,2026-09-28 14:48:42.807694+00:00,d3fe1940ce27c93c0a590124
myao.adocean.pl,AVAILABILITY,domains.list,domains.list,2026-09-28 14:48:44.087342+00:00,d3fe1940ce27c93c0a590124
negadbg.hit.gemius.pl,AVAILABILITY,domains.list,domains.list,2026-09-28 14:48:45.542173+00:00,d3fe1940ce27c93c0a590124
neogenadro.hit.gemius.pl,AVAILABILITY,domains.list,domains.list,2026-09-28 14:48:47.141927+00:00,d3fe1940ce27c93c0a590124
netsprint.hit.gemius.pl,AVAILABILITY,domains.list,domains.list,2026-09-28 14:48:53.231113+00:00,d3fe1940ce27c93c0a590124
novem.onet.pl,AVAILABILITY,domains.list,domains.list,2026-09-28 14:48:54.087773+00:00,d3fe1940ce27c93c0a590124
o2.hit.gemius.pl,AVAILABILITY,domains.list,domains.list,2026-09-28 14:48:55.202050+00:00,d3fe1940ce27c93c0a590124
o2adpl.hit.gemius.pl,AVAILABILITY,domains.list,domains.list,2026-09-28 14:48:56.657042+00:00,d3fe1940ce27c93c0a590124
oglasnikadhr.hit.gemius.pl,AVAILABILITY,domains.list,domains.list,2026-09-28 14:48:58.018670+00:00,d3fe1940ce27c93c0a590124
ohtulehtadee.hit.gemius.pl,AVAILABILITY,domains.list,domains.list,2026-09-28 14:48:58.925799+00:00,d3fe1940ce27c93c0a590124
olx.hit.gemius.pl,AVAILABILITY,domains.list,domains.list,2026-09-28 14:49:00.064893+00:00,d3fe1940ce27c93c0a590124
onet.hit.gemius.pl,AVAILABILITY,domains.list,domains.list,2026-09-28 14:49:01.144467+00:00,d3fe1940ce27c93c0a590124
openx.kokoma.pl,AVAILABILITY,domains.list,domains.list,2026-09-28 14:49:03.182822+00:00,d3fe1940ce27c93c0a590124
openx.tai.pl,AVAILABILITY,domains.list,domains.list,2026-09-28 14:49:03.971072+00:00,d3fe1940ce27c93c0a590124
opt.hit.gemius.pl,AVAILABILITY,domains.list,domains.list,2026-09-28 14:49:05.283279+00:00,d3fe1940ce27c93c0a590124
partner-ts.groupon.pl,AVAILABILITY,domains.list,domains.list,2026-09-28 14:49:25.661123+00:00,d3fe1940ce27c93c0a590124
partner.ceneo.pl,AVAILABILITY,domains.list,domains.list,2026-09-28 14:49:29.244668+00:00,d3fe1940ce27c93c0a590124
partner.wapacz.pl,AVAILABILITY,domains.list,domains.list,2026-09-28 14:49:30.951584+00:00,d3fe1940ce27c93c0a590124
partner.wapster.pl,AVAILABILITY,domains.list,domains.list,2026-09-28 14:49:32.296989+00:00,d3fe1940ce27c93c0a590124
pl.spanel.gem.pl,AVAILABILITY,domains.list,domains.list,2026-09-28 14:49:33.547803+00:00,d3fe1940ce27c93c0a590124
playlink.pl,AVAILABILITY,domains.list,domains.list,2026-09-28 14:49:34.510055+00:00,d3fe1940ce27c93c0a590124
pracuj.adocean.pl,AVAILABILITY,domains.list,domains.list,2026-09-28 14:49:35.769891+00:00,d3fe1940ce27c93c0a590124
pracuj.hit.gemius.pl,AVAILABILITY,domains.list,domains.list,2026-09-28 14:49:37.176552+00:00,d3fe1940ce27c93c0a590124
prefix.hit.gemius.pl,AVAILABILITY,domains.list,domains.list,2026-09-28 14:49:38.724964+00:00,d3fe1940ce27c93c0a590124
pro.hit.gemius.pl,AVAILABILITY,domains.list,domains.list,2026-09-28 14:49:40.193352+00:00,d3fe1940ce27c93c0a590124
rbcgaru.hit.gemius.pl,AVAILABILITY,domains.list,domains.list,2026-09-28 14:49:41.830605+00:00,d3fe1940ce27c93c0a590124
realitateadro.hit.gemius.pl,AVAILABILITY,domains.list,domains.list,2026-09-28 14:49:42.911532+00:00,d3fe1940ce27c93c0a590124
rec.quartic.pl,AVAILABILITY,domains.list,domains.list,2026-09-28 14:49:43.399958+00:00,d3fe1940ce27c93c0a590124
rek.adtotal.pl,AVAILABILITY,domains.list,domains.list,2026-09-28 14:50:04.272306+00:00,d3fe1940ce27c93c0a590124
rek.www.wp.pl,AVAILABILITY,domains.list,domains.list,2026-09-28 14:50:06.156791+00:00,d3fe1940ce27c93c0a590124
reklama.onet.pl,AVAILABILITY,domains.list,domains.list,2026-09-28 14:50:07.515443+00:00,d3fe1940ce27c93c0a590124
reklamy.sfd.pl,AVAILABILITY,domains.list,domains.list,2026-09-28 14:50:27.711949+00:00,d3fe1940ce27c93c0a590124
