idna_subject,checker_type,destination,tested_at
new.smartcontext.pl,AVAILABILITY,domains.list,2026-09-28 14:54:43.320851+00:00
show.smartcontext.pl,AVAILABILITY,domains.list,2026-09-28 14:54:45.015632+00:00
s1.gratkapl.adocean.pl,AVAILABILITY,domains.list,2026-09-28 14:54:46.767216+00:00
s1.pracuj.adocean.pl,AVAILABILITY,domains.list,2026-09-28 14:54:49.235817+00:00
sportalbg.adocean.pl,AVAILABILITY,domains.list,2026-09-28 14:54:50.361609+00:00
15minlt.adocean.pl,AVAILABILITY,domains.list,2026-09-28 14:54:52.009388+00:00
adserver2.atman.pl,AVAILABILITY,domains.list,2026-09-28 14:54:53.387879+00:00
cookiecontainer.blox.pl,AVAILABILITY,domains.list,2026-09-28 14:54:54.485626+00:00
partner.pobieraczek.pl,AVAILABILITY,domains.list,2026-09-28 14:54:54.989259+00:00
huomdgde.adocean.pl,AVAILABILITY,domains.list,2026-09-28 14:54:56.501930+00:00
by.adocean.pl,AVAILABILITY,domains.list,2026-09-28 14:54:57.681965+00:00
afilv.adocean.pl,AVAILABILITY,domains.list,2026-09-28 14:54:58.615418+00:00
delfiee.adocean.pl,AVAILABILITY,domains.list,2026-09-28 14:55:00.041337+00:00
delfilt.adocean.pl,AVAILABILITY,domains.list,2026-09-28 14:55:01.128750+00:00
bbcdn.go.pl.bbelements.com,AVAILABILITY,domains.list,2026-09-28 14:55:03.323286+00:00
go.pl.bbelements.com,AVAILABILITY,domains.list,2026-09-28 14:55:05.754032+00:00
delfilv.adocean.pl,AVAILABILITY,domains.list,2026-09-28 14:55:07.434023+00:00
diginet.adocean.pl,AVAILABILITY,domains.list,2026-09-28 14:55:08.376011+00:00
gde.adocean.pl,AVAILABILITY,domains.list,2026-09-28 14:55:09.193267+00:00
gg.adocean.pl,AVAILABILITY,domains.list,2026-09-28 14:55:10.712788+00:00
ilgde.adocean.pl,AVAILABILITY,domains.list,2026-09-28 14:55:12.202136+00:00
ohtulehtee.adocean.pl,AVAILABILITY,domains.list,2026-09-28 14:55:13.575604+00:00
realitatero.adocean.pl,AVAILABILITY,domains.list,2026-09-28 14:55:14.634771+00:00
ringierro.adocean.pl,AVAILABILITY,domains.list,2026-09-28 14:55:15.826772+00:00
s1.czgde.adocean.pl,AVAILABILITY,domains.list,2026-09-28 14:55:17.334762+00:00
s1.my.adocean.pl,AVAILABILITY,domains.list,2026-09-28 14:55:18.773627+00:00
s1.skgde.adocean.pl,AVAILABILITY,domains.list,2026-09-28 14:55:20.642906+00:00
s1.cz.adocean.pl,AVAILABILITY,domains.list,2026-09-28 14:55:22.176968+00:00
s1.edipresse.adocean.pl,AVAILABILITY,domains.list,2026-09-28 14:55:24.037880+00:00
s1.myao.adocean.pl,AVAILABILITY,domains.list,2026-09-28 14:55:25.667909+00:00
s1.sk.adocean.pl,AVAILABILITY,domains.list,2026-09-28 14:55:27.596900+00:00
afi.adocean.pl,AVAILABILITY,domains.list,2026-09-28 14:55:28.818169+00:00
adspiro.pl,AVAILABILITY,domains.list,2026-09-28 14:55:30.555130+00:00
ad.adocean.pl,AVAILABILITY,domains.list,2026-09-28 14:55:31.952999+00:00
adserwer.intercon.pl,AVAILABILITY,domains.list,2026-09-28 14:55:35.067734+00:00
counter.gemius.pl,AVAILABILITY,domains.list,2026-09-28 14:55:36.510580+00:00
ads2.ekologia.pl,AVAILABILITY,domains.list,2026-09-28 14:55:37.785449+00:00
stat.ekologia.pl,AVAILABILITY,domains.list,2026-09-28 14:55:39.728008+00:00
c.allegrostatic.pl,AVAILABILITY,domains.list,2026-09-28 14:55:40.990593+00:00
gspro.adocean.pl,AVAILABILITY,domains.list,2026-09-28 14:55:42.309934+00:00
intactro.adocean.pl,AVAILABILITY,domains.list,2026-09-28 14:55:43.427303+00:00
home.hit.stat.pl,AVAILABILITY,domains.list,2026-09-28 14:55:45.751692+00:00
iwa.hit.interia.pl,AVAILABILITY,domains.list,2026-09-28 14:55:47.235759+00:00
s1.hit.stat.pl,AVAILABILITY,domains.list,2026-09-28 14:55:48.558571+00:00
www.mystat.pl,AVAILABILITY,domains.list,2026-09-28 14:55:53.368774+00:00
m.pl.pornzone.tv,AVAILABILITY,domains.list,2026-09-28 14:55:54.030802+00:00
s2.hit.stat.pl,AVAILABILITY,domains.list,2026-09-28 14:55:56.182827+00:00
s3.hit.stat.pl,AVAILABILITY,domains.list,2026-09-28 14:55:58.374624+00:00
s4.hit.stat.pl,AVAILABILITY,domains.list,2026-09-28 14:56:00.524002+00:00
ads.edipresse.pl,AVAILABILITY,domains.list,2026-09-28 14:56:02.602940+00:00
sisco.hit.stat.pl,AVAILABILITY,domains.list,2026-09-28 14:56:04.759427+00:00
investorbg.adocean.pl,AVAILABILITY,domains.list,2026-09-28 14:56:05.799993+00:00
s1.delfilt.adocean.pl,AVAILABILITY,domains.list,2026-09-28 14:56:07.302036+00:00
panel.adtify.pl,AVAILABILITY,domains.list,2026-09-28 14:56:07.808520+00:00
www.adserver.home.pl,AVAILABILITY,domains.list,2026-09-28 14:56:11.010820+00:00
stats.dziennik.pl,AVAILABILITY,domains.list,2026-09-28 14:56:12.377220+00:00
openx.xenium.pl,AVAILABILITY,domains.list,2026-09-28 14:56:55.605230+00:00
ad.glossymedia.pl,AVAILABILITY,domains.list,2026-09-28 14:56:57.118725+00:00
ua.cnt.gemius.pl,AVAILABILITY,domains.list,2026-09-28 14:56:59.224880+00:00
www.adspiro.pl,AVAILABILITY,domains.list,2026-09-28 14:57:00.210642+00:00
www.intrack.pl,AVAILABILITY,domains.list,2026-09-28 14:57:00.536451+00:00
ad2.pl.mediainter.net,AVAILABILITY,domains.list,2026-09-28 14:57:00.854763+00:00
ads.idg.com.pl,AVAILABILITY,domains.list,2026-09-28 14:57:01.469053+00:00
media.adcarousel.pl,AVAILABILITY,domains.list,2026-09-28 14:57:02.672584+00:00
spanel.gem.pl,AVAILABILITY,domains.list,2026-09-28 14:57:04.273125+00:00
ads.clickad.com.pl,AVAILABILITY,domains.list,2026-09-28 14:57:05.547907+00:00
ads2.rp.pl,AVAILABILITY,domains.list,2026-09-28 14:57:06.020331+00:00
gg.mob.vendimob.pl,AVAILABILITY,domains.list,2026-09-28 14:57:09.053290+00:00
onet.hit.stat.pl,AVAILABILITY,domains.list,2026-09-28 14:57:10.170874+00:00
openx.cda.pl,AVAILABILITY,domains.list,2026-09-28 14:57:10.468393+00:00
www.adtaily.pl,AVAILABILITY,domains.list,2026-09-28 14:57:12.065910+00:00
banery.acr.pl,AVAILABILITY,domains.list,2026-09-28 14:57:13.611047+00:00
unblock.onaudience.com,AVAILABILITY,domains.list,2026-09-28 14:57:14.144271+00:00
digital4ro.adocean.pl,AVAILABILITY,domains.list,2026-09-28 14:57:15.195102+00:00
ro1ro.adocean.pl,AVAILABILITY,domains.list,2026-09-28 14:57:16.166636+00:00
gratkapl.adocean.pl,AVAILABILITY,domains.list,2026-09-28 14:57:17.443508+00:00
lrytaslt.adocean.pl,AVAILABILITY,domains.list,2026-09-28 14:57:18.494333+00:00
obozua.adocean.pl,AVAILABILITY,domains.list,2026-09-28 14:57:19.515996+00:00
s1.gojobsru.adocean.pl,AVAILABILITY,domains.list,2026-09-28 14:57:21.277092+00:00
:1%lo0,AVAILABILITY,domains.list,2026-09-28 14:57:21.455187+00:00
adtrack1.pl,AVAILABILITY,domains.list,2026-09-28 14:57:22.151538+00:00
bbcdn.code.new.smartcontext.pl,AVAILABILITY,domains.list,2026-09-28 14:57:23.983597+00:00
code.new.smartcontext.pl,AVAILABILITY,domains.list,2026-09-28 14:57:25.259779+00:00
bggde-new.adocean.pl,AVAILABILITY,domains.list,2026-09-28 14:57:26.518975+00:00
